,Burgers,Calories,Total Fat,Sat Fat,Trans Fat,Chol.,Sodium,Total Carb,Fiber,Sugars,Protein
0,Single ShackBurger®,530,34.0,14.0,1.0,115,1260,26,0,6,29
1,Double ShackBurger®,790,52.0,23.0,2.0,195,2280,27,0,6,51
2,Single Hamburger,400,22.0,10.0,1.0,85,850,24,0,5,25
3,Double Hamburger,590,34.0,15.0,1.5,150,1540,24,0,5,44
4,Single Cheeseburger,470,28.0,14.0,1.0,105,1200,25,0,5,29
5,Double Cheeseburger,730,46.0,22.0,2.0,185,2220,25,0,5,51
6,‘Shroom Burger,550,31.0,12.0,0.5,55,670,49,0,7,18
7,Shack Stack®,800,49.0,21.0,1.5,140,1700,50,0,7,40
8,Single SmokeShackTM,610,39.0,16.0,1.0,130,2010,28,0,7,36
9,Double SmokeShackTM,870,57.0,24.0,2.0,210,3030,28,0,7,58
10,Roadside Double Burger*,770,46.0,20.0,2.0,175,2300,32,0,7,53
11,Lockhart Link Burger*,810,60.0,24.0,1.0,165,2050,27,2,5,39
12,"Lockhart Link Burger, Double*",1070,78.0,32.0,2.0,245,3080,28,2,6,61
13,"Lockhart Link Burger, Triple*",1330,96.0,40.0,3.0,330,4110,29,2,6,83
14,Link Burger*,720,51.0,20.0,1.0,155,2000,29,2,6,37
15,"Link Burger, Double*",980,69.0,29.0,2.0,235,3020,29,2,7,59
16,"Link Burger, Triple*",1240,87.0,37.0,3.0,315,4050,30,2,7,81
17,"Green Chile CheddarShack, Single*",510,30.0,15.0,1.0,110,1380,28,1,6,30
18,"Green Chile CheddarShack, Double*",780,50.0,24.0,1.5,195,2190,28,1,6,54
19,Mound City Double*,810,52.0,22.0,1.5,195,2380,26,0,6,56
20,"Crackle Shack, Single*",580,37.0,15.0,1.0,120,1400,25,0,5,34
21,"Crackle Shack, Double*",770,49.0,20.0,2.0,185,2080,25,0,5,53
22,Montlake Double Cut*,940,64.0,29.0,1.5,230,2470,36,0,5,54
23,Golden State Double*,960,65.0,27.0,2.0,235,2200,41,0,9,52
24,"Bacon Cheeseburger, single",540,33.0,15.0,1.0,120,1480,25,0,5,35
25,"Bacon Cheeseburger, double",800,51.0,24.0,2.0,200,2510,25,0,6,58
26,Veggie Shack*,530,27.0,7.0,0.0,20,1250,56,6,10,16
27,"Veggie Shack, vegan, lettuce wrap*",310,18.0,1.5,0.0,0,900,31,4,6,4
28,"Veggie Shack, vegan*",390,22.0,1.5,0.0,0,1130,50,6,8,6
29,Grilled Cheese,350,22.0,13.0,0.5,55,850,25,0,5,14
30,Martin's Potato Roll,210,10.0,6.0,0.0,20,170,24,0,5,7
31,Gluten Free Bun,160,3.0,0.0,0.0,0,350,31,2,5,3
32,Lettuce Wrap,5,0.0,0.0,0.0,0,15,1,1,0,1
33,Burger Patty,190,12.0,4.5,0.5,65,690,0,0,0,19
34,American Cheese,70,6.0,3.5,0.0,15,340,1,0,0,4
35,ShackSauce,60,6.0,1.0,0.0,10,60,0,0,0,0
36,Lettuce,1,0.0,0.0,0.0,0,0,0,0,0,0
37,Tomato,5,0.0,0.0,0.0,0,0,1,0,0,0
38,Pickle,1,0.0,0.0,0.0,0,140,0,0,0,0
39,Onion,5,0.0,0.0,0.0,0,0,1,0,0,0
40,Bacon (2 Slices),70,4.5,1.5,0.0,15,290,0,0,0,6
41,Cherry Peppers,10,0.0,0.0,0.0,0,470,2,0,2,0
42,Chick'n ShackTM,590,36.0,10.0,0.0,120,1170,34,0,6,33
43,Hot Chick'N,560,31.0,9.0,0.0,115,1220,38,1,8,33
44,Chick'n Bites (6 piece)*,300,19.0,3.5,0.0,50,780,15,0,1,17
45,Chick'n Bites (10 piece)*,510,32.0,6.0,0.0,85,1300,26,0,2,29
46,Herb Mayonnaise,90,10.0,0.5,0.0,10,140,0,0,0,0
47,BBQ Sauce*,70,0.0,0.0,0.0,0,380,16,0,14,1
48,Honey Mustard*,180,19.0,2.5,0.0,15,230,4,0,4,1
49,Bacon Breakfast Sandwich*,440,27.0,13.0,0.5,240,890,25,0,5,23
50,Bacon Breakfast Sandwich (Double Egg)*,530,34.0,15.0,0.5,425,990,26,0,6,29
51,Sausage Breakfast Sandwich*,560,37.0,16.0,0.5,270,1220,28,0,8,30
52,Sausage Breakfast Sandwich (Double Egg)*,650,43.0,18.0,0.5,455,1310,28,0,8,36
53,Egg and Cheese Breakfast Sandwich*,370,23.0,11.0,0.5,225,610,25,0,5,17
54,Hot Dog,390,26.0,12.0,0.0,60,800,25,0,6,16
55,Chicken Dog,310,13.0,6.0,0.0,85,930,27,0,8,24
56,Shack-cago Dog®,410,26.0,12.0,0.5,60,1500,29,0,9,17
57,Chicken Shack-cago Dog®,330,13.0,6.0,0.5,85,1630,31,0,10,24
58,Sausage Link*,240,20.0,7.0,0.0,40,682,2,0,0,9
59,Publican Pork Sausage*,560,47.0,16.0,0.0,73,1188,14,1,1,13
60,Garden Dog*,220,10.0,6.0,0.5,20,1020,28,1,8,8
61,Add Cheese Sauce,80,7.0,5.0,0.0,30,95,1,0,0,2
62,Add Rick’s Picks Shack Relish,5,0.0,0.0,0.0,0,15,1,0,1,0
63,Regular Fries,470,22.0,4.5,0.0,15,740,63,7,1,6
64,Cheese Fries,710,44.0,19.0,0.0,95,1020,64,7,1,12
65,Bacon Cheese Fries,840,52.0,21.0,0.0,125,1570,65,7,1,24
66,Double Down Fries*,1910,117.0,49.0,1.0,270,4020,164,16,5,41
67,Big Bob's Cheese Fries*,800,46.0,19.0,0.0,115,1020,92,7,11,17
68,Vanilla Shake,680,36.0,22.0,0.0,235,430,72,0,71,18
69,Vanilla Shake (12oz),500,27.0,16.0,0.0,175,320,53,0,52,13
70,Chocolate Shake,750,45.0,27.0,1.5,255,310,76,0,69,16
71,Chocolate Shake (12oz),550,33.0,20.0,1.0,190,220,56,0,51,12
72,Salted Caramel Shake,840,42.0,26.0,0.0,260,950,99,0,96,17
73,Salted Caramel Shake (12oz),630,32.0,20.0,0.0,195,720,74,0,72,13
74,Black & White Shake,770,42.0,26.0,0.0,245,460,80,0,76,19
75,Black & White Shake (12oz),580,32.0,19.0,0.0,180,350,60,0,58,14
76,Strawberry Shake,690,35.0,21.0,0.0,230,430,77,0,75,17
77,Strawberry Shake (12oz),520,27.0,16.0,0.0,175,320,58,0,56,13
78,Cookies & Cream Shake,850,44.0,24.0,0.0,235,580,98,0,86,19
79,Cookies & Cream Shake (12oz),630,33.0,18.0,0.0,175,430,73,0,64,15
80,Coffee Shake,680,35.0,22.0,0.0,235,420,74,0,70,18
81,Coffee Shake (12oz),510,27.0,16.0,0.0,175,320,56,0,52,14
82,Peachtree Shake*,770,38.0,23.0,0.0,240,670,95,0,91,16
83,Traffic JAM Shake*,790,35.0,21.0,0.0,230,410,106,0,102,17
84,Bourbon Salted Caramel Shake*,890,44.0,27.0,0.0,260,700,89,0,87,18
85,Loaded Chocolate Cookies & Cream Shake*,1160,56.0,32.0,1.5,265,450,126,0,108,17
86,TKO' Clock Chocolate Cookies & Cream Shake*,1020,59.0,33.0,1.5,270,500,112,0,92,19
87,Bananas Foster Shake*,850,42.0,26.0,0.0,255,940,107,0,103,16
88,Whipped Cream,70,5.0,3.5,0.0,20,20,5,0,4,1
89,Root Beer Float,430,15.0,9.0,0.0,100,220,70,0,69,7
90,Purple Cow Float,460,15.0,9.0,0.0,100,210,79,0,78,7
91,Creamsicle® Float,440,15.0,9.0,0.0,100,240,75,0,74,7
92,Single Chocolate Cup,310,19.0,11.0,0.5,110,120,32,0,29,6
93,Double Chocolate Cup,490,30.0,18.0,1.0,175,190,51,0,47,9
94,Single Vanilla Cup,280,15.0,9.0,0.0,100,180,30,0,30,7
95,Double Vanilla Cup,450,24.0,14.0,0.0,165,280,49,0,48,11
96,Single Vanilla & Chocolate Cup,290,17.0,10.0,0.0,105,150,31,0,29,6
97,Double Vanilla & Chocolate Cup,470,27.0,16.0,0.0,170,230,50,0,47,10
98,Single Chocolate Cone,360,20.0,11.0,0.5,110,180,42,0,33,7
99,Double Chocolate Cone,540,31.0,18.0,1.0,175,250,61,0,50,10
100,Single Vanilla Cone,330,15.0,9.0,0.0,100,230,41,0,33,7
101,Double Vanilla Cone,500,24.0,15.0,0.0,165,340,59,0,51,11
102,Single Vanilla & Chocolate Cone,340,17.0,10.0,0.0,105,200,41,0,33,7
103,Double Vanilla & Chocolate Cone,520,28.0,16.0,0.0,170,290,60,0,51,11
104,125th Street Treat,460,21.0,12.0,0.0,130,310,61,0,51,9
105,125th Street Treat (Double),930,41.0,24.0,0.0,265,610,122,1,102,18
106,24 Carrot Magic,480,27.0,14.0,0.5,150,200,55,0,44,9
107,24 Carrot Magic (Double),970,54.0,27.0,1.5,295,390,111,0,89,17
108,a la Rhode,410,20.0,12.0,0.0,120,340,52,0,48,8
109,a la Rohde (Double),820,40.0,25.0,0.0,240,680,102,1,94,16
110,A Sprinkle In Time,500,23.0,14.0,1.0,140,250,66,0,54,8
111,A Sprinkle In Time (Double),1000,46.0,27.0,1.5,280,500,132,0,108,17
112,All-In,520,27.0,17.0,0.0,140,480,61,0,58,8
113,All-In (Double),1030,55.0,34.0,0.5,280,960,122,0,115,16
114,Austin Street Treat,420,23.0,14.0,0.5,130,290,51,0,42,7
115,Austin Street Treat (Double),840,46.0,28.0,1.5,255,590,101,1,85,14
116,Back Bay Blend,560,33.0,21.0,1.0,150,410,64,0,58,7
117,Back Bay Blend (Double),1130,67.0,41.0,2.0,300,820,129,1,116,14
118,Banana Buyout,400,20.0,12.0,0.0,120,340,50,0,47,8
119,Banana Buyout (Double),800,40.0,25.0,0.0,240,680,99,0,93,16
120,Banana Caramel Crunch,420,19.0,11.0,0.0,120,390,48,0,46,8
121,Banana Caramel Crunch (Double),850,38.0,23.0,0.0,240,790,112,1,91,17
122,Banana Post Road,430,27.0,16.0,0.5,120,530,45,0,38,8
123,Banana Post Road (Double),860,54.0,33.0,1.5,240,1060,91,1,745,15
124,Bathazar Blender,560,30.0,18.0,0.0,150,440,64,0,51,10
125,Bathazar Blender (Double),1120,60.0,37.0,0.5,305,890,127,0,101,21
126,Bergen County Blend,420,22.0,13.0,0.0,130,250,48,0,40,9
127,Bergen County Blend (Double),850,44.0,27.0,0.0,255,500,96,1,80,18
128,Berry Blender,410,21.0,12.0,0.5,120,250,49,0,40,8
129,Berry Blender (Double),820,42.0,25.0,1.0,240,500,97,0,81,16
130,Beverly Chills,540,29.0,18.0,0.0,130,420,62,0,56,9
131,Beverly Chills (Double),1070,58.0,37.0,0.0,260,850,124,0,113,18
132,Birming Graham,460,20.0,11.0,0.0,130,250,62,0,50,9
133,Birming Graham (Double),920,40.0,22.0,0.0,265,510,123,1,101,17
134,Black & White Cookie,450,25.0,15.0,0.0,130,230,51,0,41,8
135,Black & White Cookie (Double),900,51.0,30.0,0.5,255,450,102,0,82,16
136,Blackout Cookie,530,30.0,14.0,0.5,120,210,62,0,46,8
137,Blackout Cookie (Double),1060,60.0,29.0,1.5,240,430,125,0,92,15
138,Brownie Points,540,28.0,15.0,1.0,135,490,64,0,57,10
139,Brownie Points (Double),1070,56.0,29.0,2.5,275,980,129,0,114,19
140,Buffalo Street Brownie,520,26.0,14.0,0.0,125,410,68,0,57,9
141,Buffalo Street Brownie (Double),1050,52.0,29.0,0.0,250,830,135,0,114,19
142,Burrowing Banana,400,23.0,14.0,0.5,130,270,48,0,41,7
143,Burrowing Banana (Double),790,48.0,28.0,1.5,255,530,91,1,81,13
144,Busy Bee,460,24.0,12.0,0.0,110,270,53,0,43,9
145,Busy Bee (Double),920,47.0,23.0,0.0,225,530,106,1,86,19
146,California Cold Rush,440,23.0,14.0,0.0,130,390,50,1,42,9
147,California Cold Rush (Double),880,46.0,28.0,0.0,255,780,100,1,85,17
148,Camden County Caramel,480,25.0,15.0,0.0,120,360,58,0,51,9
149,Camden County Caramel (Double),970,50.0,30.0,0.0,240,710,117,0,102,18
150,Campfire S'mores,560,31.0,18.0,0.5,120,200,66,0,50,9
151,Campfire S'mores (Double),1110,63.0,36.0,1.5,240,400,131,1,100,18
152,Caramel Aficiona-Dough,490,26.0,15.0,0.0,140,420,57,0,40,9
153,Caramel Aficiona-Dough (Double),980,52.0,30.0,0.0,275,840,114,0,79,18
154,Caramel Apple Fritter,540,29.0,16.0,0.0,120,510,62,0,43,10
155,Caramel Apple Fritter (Double),1090,57.0,32.0,0.0,240,1030,123,0,86,21
156,Caramel Bourbon Twist,460,24.0,15.0,0.0,130,400,54,0,51,8
157,Caramel Bourbon Twist (Double),920,49.0,30.0,0.0,260,800,108,0,102,16
158,Caramel Carousel,420,19.0,11.0,0.0,120,390,54,0,45,8
159,Caramel Carousel (Double),830,38.0,23.0,0.0,240,790,108,0,90,17
160,Caramel Cone,410,20.0,12.0,0.0,120,360,50,0,45,8
161,Caramel Cone (Double),810,40.0,25.0,0.0,240,720,101,0,90,16
162,Caramel Crumble,410,20.0,12.0,0.0,120,360,50,0,45,8
163,Caramel Crumble (Double),810,40.0,25.0,0.0,240,720,101,0,90,18
164,Caruso's Crunch,470,24.0,14.0,0.5,130,340,55,0,50,8
165,Caruso's Crunch (Double),930,48.0,27.0,1.5,265,690,109,0,101,16
166,Cary Cookie Crumble,460,22.0,11.0,0.0,110,260,57,0,49,9
167,Cary Cookie Crumble (Double),920,45.0,22.0,0.0,225,510,114,0,98,17
168,Central West Blend,550,26.0,15.0,0.0,155,620,71,0,61,10
169,Central West Blend (Double),1100,52.0,29.0,0.0,310,1240,141,0,122,19
170,"Choc 'n' Roll, Defend the Blend",550,30.0,18.0,0.5,135,430,68,0,58,8
171,"Choc 'n' Roll, Defend the Blend (Double)",1090,61.0,35.0,1.5,270,870,136,0,115,16
172,Choc heard Round the World,470,28.0,17.0,0.5,130,180,52,1,44,9
173,Choc Heard Round the World (Double),930,56.0,34.0,1.5,260,350,105,2,87,18
174,Choc of the Town,480,30.0,19.0,0.5,125,150,50,0,41,8
175,Choc of the Town (Double),960,61.0,37.0,1.5,250,310,99,1,82,16
176,Chocolate and Chip,570,35.0,17.0,1.0,130,310,59,0,45,8
177,Chocolate and Chip (Double),1150,71.0,34.0,1.5,265,620,119,0,90,16
178,Chocolate Caramel Crunchcrete,520,30.0,19.0,1.0,140,340,60,0,53,7
179,Chocolate Caramel Crunchcrete (Double),1040,61.0,37.0,1.5,280,690,120,0,107,15
180,Chocolate Caramel Pretzel,480,25.0,15.0,0.0,125,370,54,0,47,9
181,Chocolate Caramel Pretzel (Double),950,51.0,30.0,0.0,250,740,107,0,95,18
182,Chocolate Caramel Pretzel Crunch,510,30.0,18.0,0.5,135,310,55,0,47,8
183,Chocolate Caramel Pretzel Crunch (Double),1020,60.0,35.0,1.5,270,610,111,1,93,18
184,Chocolate Chip Cookie,600,37.0,22.0,0.5,150,370,66,0,43,9
185,Chocolate Chip Cookie (Double),1200,73.0,43.0,1.5,295,730,131,1,86,18
186,Chocolate Minted Marshmallow,430,24.0,14.0,0.5,125,150,53,0,46,7
187,Chocolate Minted Marshmallow (Double),860,48.0,29.0,1.5,350,300,105,0,92,15
188,Chocolate Thayer Cake,580,34.0,19.0,1.0,155,280,64,0,52,8
189,Chocolate Thayer Cake (Double),1160,68.0,38.0,1.5,305,560,129,0,104,17
190,Chocolate Truffle Cookie Cone,420,22.0,13.0,0.0,120,210,52,0,44,8
191,Chocolate Truffle Cookie Cone (Double),840,44.0,26.0,0.5,240,410,104,0,88,16
192,Churn of the Century,590,36.0,14.0,0.0,130,450,56,0,45,14
193,Churn of the Century (Double),1180,73.0,27.0,0.0,255,890,112,0,90,28
194,Coffee & Donuts,460,23.0,12.0,0.0,115,290,55,0,41,9
195,Coffee & Donuts (Double),920,45.0,23.0,0.0,225,580,111,0,83,19
196,Coffee Caramel Popcorn,410,20.0,12.0,0.0,120,400,47,0,43,10
197,Coffee Caramel Popcorn (Double),810,41.0,23.0,0.0,245,790,94,0,87,19
198,Coffee Toffee,450,22.0,14.0,0.0,120,270,56,0,42,8
199,Coffee Toffee (Double),900,45.0,28.0,0.0,245,540,113,0,105,18
200,cOLD Fashioned,490,25.0,14.0,0.0,120,460,57,0,47,9
201,cOLD Fashioned (Double),970,51.0,29.0,0.0,245,920,114,1,93,18
202,Cold Shot,550,30.0,18.0,0.5,145,490,66,0,61,7
203,Cold Shot (Double),1080,58.0,36.0,1.0,290,880,130,0,121,15
204,Coldspot,500,23.0,13.0,0.0,120,400,65,0,54,10
205,Coldspot (Double),1000,47.0,25.0,0.0,240,810,130,0,109,20
206,Colonial Custard,440,21.0,13.0,0.0,140,250,53,0,44,8
207,Colonial Custard (Double),870,43.0,26.0,0.0,280,500,106,0,88,17
208,Concrete of Troy,520,26.0,14.0,0.0,125,410,68,0,57,9
209,Concrete of Troy (Double),1050,52.0,29.0,0.0,250,830,135,0,114,19
210,Cookie & Coffee,450,24.0,15.0,0.0,125,350,52,0,43,9
211,Cookie & Coffee (Double),910,49.0,30.0,0.0,250,700,104,0,87,17
212,Cookie Butter Blender,570,32.0,18.0,0.0,135,370,63,0,57,9
213,Cookie Butter Blender (Double),1140,65.0,36.0,0.5,265,730,126,0,114,17
214,Cookie Butter Crunchcrete,530,32.0,18.0,1.0,130,230,56,0,48,8
215,Cookie Butter Crunchcrete (Double),1050,65.0,35.0,1.5,265,460,112,0,97,15
216,Cookie-Crumble,460,22.0,11.0,0.0,110,260,57,0,49,9
217,Cookie-Crumble (Double),920,45.0,22.0,0.0,225,510,114,0,98,17
218,Cookie Dough Country,500,31.0,16.0,0.5,125,270,51,0,41,10
219,Cookie Dough Country (Double),1000,63.0,31.0,1.5,250,540,102,0,81,20
220,Coral Crisp,500,22.0,13.0,0.0,120,470,72,0,57,9
221,Coral Crisp (Double),1000,43.0,26.0,0.0,240,940,144,0,114,18
222,Crimson Red Velvet,360,19.0,11.0,0.0,120,250,40,0,37,8
223,Crimson Red Velvet (Double),720,38.0,22.0,0.0,235,510,79,0,74,16
224,Cross County Crunch,520,29.0,18.0,0.0,130,420,60,0,54,9
225,Cross County Crunch (Double),1040,58.0,36.0,0.0,260,830,118,0,108,18
226,Crunch Time,470,22.0,13.0,0.0,120,350,59,0,53,9
227,Crunch Time (Double),930,44.0,26.0,0.0,240,710,119,0,106,17
228,Crunch-stellation,470,24.0,15.0,0.0,125,290,57,0,52,9
229,Crunch-stellation (Double),930,49.0,30.0,0.0,245,580,114,0,105,17
230,Cup | Cake Crunch,530,28.0,15.0,0.0,135,340,61,0,55,9
231,Cup | Cake Crunch (Double),1060,57.0,31.0,0.0,265,690,123,0,109,18
232,D.O.D-licious,510,27.0,16.0,0.0,140,420,60,0,42,9
233,D.O.D-licious (Double),1010,54.0,31.0,0.0,275,850,118,0,83,18
234,Da' S'more,500,26.0,14.0,0.5,125,200,63,0,50,8
235,Da' S'more (Double),990,52.0,29.0,1.5,250,410,126,1,99,16
236,Dallas Dough,580,31.0,18.0,0.5,130,190,70,0,55,9
237,Dallas Dough (Double),1160,63.0,35.0,1.5,255,380,140,0,110,19
238,Darien Cookie Dough,550,30.0,18.0,0.0,145,480,63,0,47,9
239,Darien Cookie Dough (Double),1090,59.0,35.0,0.0,295,960,127,0,95,18
240,Declaration of Donuts,560,28.0,16.0,0.0,125,410,69,0,58,9
241,Declaration of Donuts (Double),1120,56.0,32.0,0.0,250,830,137,0,115,19
242,Defend the Blend,600,35.0,19.0,0.5,165,430,69,0,59,9
243,Defend the Blend (Double),1190,69.0,38.0,1.5,330,860,139,0,117,18
244,Del Rey Way,430,23.0,12.0,0.0,115,290,49,0,35,9
245,Del Rey Way (Double),860,45.0,23.0,0.0,225,580,97,0,71,18
246,Devil's In The Details,550,31.0,16.0,1.0,150,460,64,0,50,9
247,Devil's In The Details (Double),1100,62.0,32.0,1.5,295,910,128,0,100,17
248,Do It For The Graham,460,20.0,11.0,0.0,130,250,62,0,50,9
249,Do It For The Graham (Double),920,40.0,22.0,0.0,265,510,123,1,101,17
250,Double Chocolate Trouble,490,26.0,15.0,0.0,140,420,57,0,40,9
251,Double Chocolate Trouble (Double),980,52.0,30.0,0.0,275,840,114,0,79,18
252,Doughnut Look Swell,440,23.0,13.0,0.0,115,330,49,0,40,9
253,Doughnut Look Swell (Double),880,47.0,26.0,0.0,230,660,99,0,81,18
254,Doughnuts Are Forever,370,19.0,11.0,0.0,110,220,42,0,37,8
255,Doughnuts are Forever (Double),730,37.0,21.0,0.5,225,440,84,1,74,16
256,Downtown Butter Brown,390,20.0,12.0,0.0,110,220,45,0,39,8
257,Downtown Butter Brown (Double),780,39.0,24.0,0.0,225,440,90,0,77,16
258,DTLA,480,30.0,19.0,0.5,125,150,50,0,41,8
259,DTLA (Double),960,61.0,37.0,1.5,250,310,99,1,82,16
260,Dust Devil,460,22.0,13.0,0.0,125,390,599,0,51,8
261,Dust Devil (Double),920,44.0,27.0,0.0,255,790,118,0,101,17
262,Easton Bound,470,24.0,15.0,0.0,135,390,55,0,47,9
263,Easton Bound (Double),940,48.0,30.0,0.0,270,770,111,1,94,18
264,Eaton' Around Town,510,28.0,17.0,1.0,130,190,63,0,51,8
265,Eaton' Around Town (Double),1010,55.0,33.0,1.5,260,390,127,0,102,16
266,Elm City Coffee Break,570,30.0,14.0,0.0,115,340,68,0,51,10
267,Elm City Coffee Break (Double),1150,59.0,28.0,0.0,235,690,136,0,101,19
268,Empire State,550,30.0,16.0,1.0,125,240,65,0,48,9
269,Empire State (Double),1090,61.0,31.0,1.5,250,470,131,1,97,18
270,Even S'more,520,27.0,15.0,0.5,125,210,66,0,52,8
271,Even S'more (Double),1040,55.0,30.0,1.5,255,420,133,1,104,17
272,Eye Drive,530,29.0,18.0,0.0,140,470,63,0,59,8
273,Eye Drive (Double),1070,58.0,36.0,0.5,280,950,125,1,117,16
274,Falls Fashion,430,22.0,13.0,0.0,120,390,50,0,44,8
275,Falls Fashion (Double),850,44.0,26.0,0.0,240,790,101,1,88,17
276,Fidi Fudge,470,28.0,17.0,0.5,130,180,52,1,44,9
277,Fidi Fudge (Double),930,56.0,34.0,1.5,260,350,104,2,86,17
278,Fluff'N Foster,490,22.0,12.0,0.0,130,340,64,0,55,9
279,Fluff'N Foster (Double),970,44.0,24.0,0.0,260,680,129,1,109,18
280,Fly Me To The Shack,550,35.0,21.0,0.5,130,170,58,0,48,9
281,Fly Me To The Shack (Double),1100,70.0,43.0,1.5,260,340,117,0,96,18
282,Fudge-eddaboutit,470,30.0,19.0,0.5,125,150,47,1,39,8
283,Fudge-eddaboutit (Double),940,60.0,37.0,1.5,250,310,95,1,79,16
284,Garden State,440,21.0,13.0,0.0,125,320,55,0,36,9
285,Garden State (Double),880,43.0,25.0,0.0,250,650,110,0,72,18
286,Give My Regards,520,29.0,18.0,0.0,130,420,60,0,54,9
287,Give My Regards (Double),1040,58.0,36.0,0.0,260,830,118,0,108,18
288,Glades Donuts,470,25.0,15.0,0.0,125,400,52,0,47,8
289,Glades Donuts (Double),930,51.0,30.0,0.0,255,800,105,0,93,16
290,Glazed Dazed Doughnut,520,28.0,16.0,0.0,130,490,61,0,52,9
291,Glazed Dazed Doughnut (Double),1050,56.0,33.0,0.0,265,990,121,0,104,17
292,Grahammy Nominated,390,18.0,10.0,0.0,110,250,50,1,40,8
293,Grahammy Nominated (Double),790,37.0,20.0,0.0,225,500,100,2,80,17
294,Great Salted Dessert,480,22.0,13.0,0.0,130,400,63,0,55,9
295,Great Salted Dessert (Double),960,44.0,27.0,0.0,255,790,126,0,109,17
296,Going Yard,520,26.0,14.0,0.0,125,410,68,0,57,9
297,Going Yard (Double),1050,52.0,29.0,0.0,250,830,135,0,114,19
298,Heights Bites,560,28.0,14.0,0.0,160,570,72,0,64,9
299,Heights Bites (Double),1130,56.0,28.0,0.0,315,1150,143,0,128,17
300,Hill of Beans,480,25.0,15.0,0.0,125,350,60,1,52,10
301,Hill of Beans (Double),970,51.0,31.0,0.0,245,700,120,2,105,19
302,Home-ward Bound,510,30.0,17.0,0.5,135,300,59,0,48,8
303,Home-ward Bound (Double),1020,59.0,35.0,1.5,265,600,117,0,97,16
304,Hopscotch,510,29.0,18.0,0.0,130,400,56,0,51,9
305,Hopscotch (Double),1020,57.0,36.0,0.0,260,810,113,0,103,17
306,Hopscotch (Roadie)*,2040,115.0,72.0,1.0,520,1610,226,0,206,34
307,Invictus,490,29.0,18.0,0.5,130,300,55,0,45,8
308,Invictus (Double),980,58.0,36.0,1.5,255,600,109,0,89,16
309,Jitney,490,26.0,15.0,0.0,140,57,57,0,40,9
310,Jitney (Double),980,52.0,30.0,0.0,275,840,114,0,79,18
311,Just Du It,570,29.0,16.0,0.0,150,470,68,0,58,9
312,Just Du It (Double),1130,59.0,32.0,0.0,295,940,137,0,116,18
313,Kierland Campfire,530,29.0,16.0,0.5,120,190,62,0,48,9
314,Kierland Campfire (Double),1050,58.0,32.0,1.5,245,390,124,1,95,17
315,King Neptune's Swirl,360,17.0,10.0,0.0,110,220,45,0,39,8
316,King Neptune's Swirl (Double),710,33.0,20.0,0.0,225,450,89,1,78,16
317,Larks-Brr,370,16.0,10.0,0.0,110,280,50,0,43,8
318,Larks-Brr (Double),750,33.0,20.0,0.0,225,520,99,0,85,16
319,Lemon Grove,460,20.0,11.0,0.0,130,250,62,0,50,9
320,Lemon Grove (Double),920,40.0,22.0,0.0,265,510,123,1,101,17
321,Liberty Shell,380,19.0,11.0,0.0,120,200,43,0,39,9
322,Liberty Shell (Double),750,38.0,23.0,0.0,235,410,86,0,79,18
323,Logan Swirl,500,27.0,15.0,0.0,130,450,58,0,52,8
324,Logan Swirl (Double),1000,54.0,31.0,0.0,265,900,117,0,103,17
325,Lower West Side,480,28.0,17.0,0.5,120,150,52,4,44,9
326,Lower West Side (Double),970,56.0,33.0,1.5,245,310,105,7,88,18
327,M Street Treat,510,27.0,16.0,0.0,120,260,64,0,53,10
328,M Street Treat (Double),1030,54.0,33.0,0.0,245,530,129,1,106,20
329,Macaron Swoon,430,20.0,13.0,0.0,135,210,52,0,47,9
330,Macaron Swoon (Double),850,40.0,27.0,0.0,270,410,104,0,93,17
331,'Mallow Monsoon,420,22.0,13.0,0.0,120,210,53,0,45,8
332,'Mallow Monsoon (Double),850,44.0,26.0,0.5,240,410,105,1,89,16
333,Malt of America,460,22.0,13.0,0.0,125,390,58,0,50,8
334,Malt of America (Double),920,44.0,27.0,0.0,255,790,117,0,100,17
335,Malt Whitman,510,26.0,15.0,0.0,125,300,61,0,42,10
336,Malt Whitman (Double),1010,51.0,29.0,0.0,250,610,123,0,83,20
337,"Maple, Bacon and Banana",440,24.0,13.0,0.0,120,430,48,0,40,11
338,"Maple, Bacon and Banana (Double)",890,47.0,26.0,0.0,235,860,96,1,79,22
339,Marshmallow C.R.E.M.E.,550,29.0,16.0,0.5,125,220,720,0,58,9
340,Marshmallow C.R.E.M.E. (Double),1100,57.0,31.0,1.5,250,440,144,0,116,17
341,MB Malt,430,24.0,13.0,0.0,115,250,47,0,40,8
342,MB Malt (Double),870,48.0,26.0,0.0,235,510,94,1,79,17
343,Metairie Mixer,500,28.0,15.0,0.0,130,290,55,0,52,9
344,Metairie Mixer (Double),1010,56.0,31.0,0.0,255,580,110,0,104,17
345,Millenia Malt,500,29.0,18.0,0.5,120,160,60,0,51,8
346,Millenia Malt (Double),1010,57.0,35.0,1.5,245,310,120,0,102,16
347,Millennium Perk,480,24.0,13.0,0.0,115,330,58,0,47,9
348,Millennium Perk (Double),950,47.0,26.0,0.0,230,660,115,1,94,18
349,Mindy's Mix Up,490,26.0,15.0,0.0,140,420,57,0,40,9
350,Mindy's Mix Up (Double),980,52.0,30.0,0.0,275,840,114,0,79,18
351,MINT Chocolate,430,24.0,14.0,0.5,120,150,53,0,46,7
352,MINT Chocolate (Double),860,48.0,29.0,1.5,250,300,105,0,92,15
353,Minted Magic,460,26.0,15.0,0.5,125,150,57,0,50,8
354,Minted Magic (Double),920,51.0,31.0,1.5,250,300,114,0,99,15
355,Missi-chip-pi Fudge,430,24.0,14.0,0.0,125,260,46,0,36,9
356,Missi-chip-pi Fudge (Double),850,47.0,28.0,0.0,255,520,92,0,73,17
357,Mix In Control,490,22.0,14.0,0.0,130,300,65,0,54,10
358,Mix In Control (Double),990,44.0,27.0,0.0,260,600,130,0,108,19
359,Motor City Mix,470,27.0,16.0,0.0,130,260,48,0,46,9
360,Motor City Mix (Double),930,53.0,32.0,0.0,260,510,97,0,91,18
361,Mount Tam Graham,520,29.0,16.0,0.5,120,200,63,0,48,8
362,Mount Tam Graham (Double),1040,58.0,33.0,1.5,240,390,125,1,96,17
363,Murray Hill Malt,550,31.0,19.0,0.5,125,180,62,4,51,10
364,Murray Hill Malt (Double),1100,62.0,37.0,1.5,250,350,125,7,102,20
365,Music City 'Mallow,490,25.0,15.0,0.5,130,310,62,0,53,8
366,Music City 'Mallow (Double),980,51.0,30.0,1.5,255,630,125,0,107,15
367,Natural History Crunch-stellation,460,24.0,15.0,0.0,125,280,55,0,51,8
368,Natural History Crunch-stellation (Double),920,48.0,30.0,0.0,245,570,110,0,101,17
369,NewBERRY,350,17.0,10.0,0.0,110,220,44,0,39,8
370,NewBERRY (Double),710,33.0,20.0,0.0,225,450,88,1,79,16
371,New Castle,570,32.0,18.0,0.0,135,370,63,0,57,9
372,New Castle (Double),1140,65.0,36.0,0.5,265,730,126,0,114,17
373,Nothin' But Nets,470,22.0,13.0,0.0,115,300,66,0,50,9
374,Nothin' But Nets (Double),940,44.0,26.0,0.5,235,610,131,0,99,17
375,O Town Blend,510,27.0,15.0,0.0,130,500,59,0,54,8
376,O Town Blend (Double),1020,55.0,29.0,0.0,255,990,118,0,109,17
377,Oh Fudge,470,29.0,17.0,0.5,130,170,51,0,44,8
378,Oh Fudge (Double),940,58.0,35.0,1.5,260,330,103,0,88,16
379,Old Country Rocky Road,520,31.0,15.0,0.5,125,150,56,2,47,10
380,Old Country Rocky Road (Double),1030,63.0,30.0,1.5,250,300,111,3,94,20
381,One Stop Choc,540,30.0,17.0,0.5,140,230,66,0,45,8
382,One Stop Choc (Double),1090,61.0,35.0,1.5,280,470,132,0,89,17
383,OrlanDOUGH,510,28.0,16.0,0.5,125,170,61,0,51,8
384,OrlanDOUGH (Double),1010,55.0,32.0,1.5,255,340,123,0,101,17
385,Pearl & Pecan,530,33.0,15.0,0.0,130,400,51,1,49,9
386,Pearl & Pecan (Double),1060,66.0,30.0,0.0,260,800,103,3,96,18
387,Penthouse Sweet,480,28.0,17.0,0.5,140,410,55,0,42,8
388,Penthouse Sweet (Double),960,57.0,33.0,1.5,275,830,110,0,85,15
389,Pie Oh My,490,25.0,13.0,0.0,115,320,54,0,44,8
390,Pie Oh My (Double),970,51.0,26.0,0.0,230,640,109,1,88,17
391,Pie Oh My (Roadie)*,1950,101.0,52.0,0.0,460,1290,218,2,175,33
392,Presidential Sweet,470,22.0,14.0,0.0,120,340,59,0,56,9
393,Presidential Sweet (Double),940,45.0,28.0,0.0,245,680,118,1,112,17
394,Pretzel Place,500,29.0,17.0,0.5,135,350,56,3,48,8
395,Pretzel Place (Double),1000,57.0,34.0,1.5,265,710,113,6,95,16
396,Pretzel the Concrete,540,32.0,15.0,0.5,125,250,57,0,47,10
397,Pretzel the Concrete (Double),1070,63.0,31.0,1.5,245,510,115,0,94,20
398,Rainbow Connection,460,24.0,12.0,0.0,115,300,53,0,37,9
399,Rainbow Connection (Double),920,48.0,24.0,0.5,225,600,105,0,74,19
400,Red Velvet Rock,460,24.0,13.0,0.0,130,380,52,0,45,9
401,Red Velvet Rock (Double),920,48.0,26.0,0.0,265,760,105,0,90,18
402,Revere's Tracks,490,26.0,16.0,0.0,130,410,58,0,54,8
403,Revere's Tracks (Double),970,52.0,32.0,0.0,260,810,117,0,109,16
404,Rittenhouse,440,24.0,14.0,0.5,125,150,54,1,46,8
405,Rittenhouse (Double),890,49.0,29.0,1.5,250,300,109,1,91,16
406,Royal Sweet,460,22.0,11.0,0.0,110,250,56,0,49,8
407,Royal Sweet (Double),910,45.0,22.0,0.0,225,500,112,0,98,17
408,Royal Treatment,370,16.0,10.0,0.0,110,260,50,0,43,8
409,Royal Treatment (Double),750,33.0,20.0,0.0,225,520,99,0,85,16
410,Salt N' San Diego,390,19.0,11.0,0.0,120,360,49,0,43,8
411,Salt N' San Diego (Double),780,37.0,23.0,0.0,240,710,98,1,86,16
412,Salt N' Sunset,470,25.0,13.0,0.0,120,420,53,0,40,9
413,Salt N' Sunset (Double),930,49.0,26.0,0.0,240,850,106,0,79,18
414,Salted Carame'L',430,22.0,12.0,0.0,115,310,49,0,37,9
415,Salted Carame'L' (Double),860,45.0,23.0,0.0,230,630,99,1,73,18
416,Salted Caramel Crunch - Henderson,460,23.0,14.0,0.0,130,410,58,0,55,8
417,Salted Caramel Crunch (Double) - Henderson,930,46.0,28.0,0.0,160,820,115,0,110,16
418,Salted Caramel Crunch - Kierland Commons,520,29.0,18.0,0.5,145,440,59,0,55,7
419,Salted Caramel Crunch (Double) - Kierland Coomons,1040,59.0,37.0,1.5,290,880,118,0,110,14
420,Salty Balty,510,29.0,17.0,0.0,135,650,59,0,45,9
421,Salty Balty (Double),1030,58.0,35.0,1.0,270,1310,120,0,91,18
422,Seaport Salt and Malt,550,33.0,20.0,1.0,140,350,60,0,52,8
423,Seaport Salt and Malt (Double),1110,67.0,40.0,1.5,280,700,121,0,105,16
424,Seawolf Swirl,430,22.0,13.0,0.5,120,260,51,0,42,8
425,Seawolf Swirl (Double),860,43.0,25.0,1.5,245,510,101,0,83,17
426,Shack Attack,550,35.0,21.0,0.5,130,170,58,0,48,9
427,Shack Attack (Double),1090,69.0,43.0,1.5,255,340,116,0,95,18
428,Shack Attack (Roadie)*,2200,140.0,86.0,3.0,520,690,234,0,193,36
429,Shacky Road,520,31.0,15.0,0.5,125,150,56,2,47,10
430,Shacky Road (Double),1030,63.0,30.0,1.5,250,300,111,3,94,20
431,Shake-ney,490,25.0,15.0,0.5,130,310,62,0,53,8
432,Shake-ney (Double),980,51.0,30.0,1.5,255,630,125,0,107,15
433,Shark Attack,580,37.0,21.0,0.5,125,180,62,0,50,9
434,Shark Attack (Double),1170,74.0,41.0,1.5,250,360,123,0,100,18
435,Shell Game,480,25.0,13.0,0.0,115,230,55,1,45,10
436,Shell Game (Double),960,50.0,27.0,0.0,235,460,111,1,90,21
437,Short & Sweet,450,22.0,13.0,0.0,130,380,56,1,46,8
438,Short & Sweet (Double),900,44.0,27.0,0.0,255,760,112,1,93,17
439,Skull and Cones,550,31.0,18.0,0.0,130,240,66,0,53,10
440,Skull and Cones (Double),1100,62.0,35.0,1.0,255,490,131,0,105,19
441,S'More,560,31.0,18.0,0.5,120,200,66,0,50,9
442,S'More (Double),1110,63.0,36.0,1.5,240,400,132,1,100,18
443,S'more Cookie Dough,520,27.0,15.0,0.5,125,210,66,0,52,8
444,S'more Cookie Dough (Double),1040,55.0,30.0,1.5,255,420,133,1,104,17
445,S'Mores Please,520,29.0,16.0,0.5,120,200,63,0,48,8
446,S'Mores Please (Double),1040,58.0,33.0,1.5,240,390,125,1,96,17
447,SMOREScode,470,24.0,12.0,0.5,120,220,61,1,46,8
448,SMOREScode (Double),950,48.0,25.0,1.5,240,440,122,1,92,16
449,"Snap, Crackle Crete",370,16.0,10.0,0.0,110,260,50,0,43,8
450,"Snap, Crackle Crete (Double)",750,33.0,20.0,0.0,225,520,99,0,85,16
451,Somer Break,470,24.0,13.0,0.5,130,350,57,0,50,9
452,Somer Break (Double),950,48.0,27.0,1.5,260,700,115,0,100,18
453,Spoon Feed,510,28.0,15.0,1.0,135,370,57,0,50,10
454,Spoon Feed (Double),1020,56.0,29.0,2.5,270,740,114,0,100,19
455,Sticky Bun Banana,520,26.0,16.0,0.0,145,520,63,0,54,9
456,Sticky Bun Banana (Double),1030,52.0,32.0,0.0,285,1040,125,1,107,18
457,Strawberry Banana Cone-Crete,360,17.0,10.0,0.0,110,220,45,0,39,8
458,Strawberry Banana Cone-Crete (Double),710,33.0,20.0,0.0,225,450,89,1,78,16
459,Strawberry Banana Crunch,360,17.0,10.0,0.0,110,220,45,0,39,8
460,Strawberry Banana Crunch (Double),710,33.0,20.0,0.0,225,450,89,1,78,16
461,Strawberry Banana Crunchcake,400,20.0,12.0,0.0,120,250,49,0,40,8
462,Strawberry Banana Crunchcake (Double),810,40.0,24.0,0.0,240,490,98,1,80,16
463,Strawberry Country Crunch,360,17.0,10.0,0.0,110,220,45,0,39,8
464,Strawberry Country Crunch (Double),710,33.0,20.0,0.0,225,450,89,1,78,16
465,Strawberry Crunchcake,380,17.0,10.0,0.0,110,230,51,0,46,8
466,Strawberry Crunchcake (Double),770,33.0,20.0,0.0,225,450,103,0,92,16
467,Strawberry Sunset,380,18.0,10.0,0.5,110,220,47,0,41,8
468,Strawberry Sunset (Double),760,36.0,21.0,1.5,225,450,94,0,81,16
469,Strike Cone,520,28.0,17.0,0.0,125,260,65,0,54,10
470,Strike Cone (Double),1040,55.0,33.0,0.0,245,530,131,0,108,20
471,Summerlin S'more,440,23.0,13.0,0.5,125,170,54,0,45,7
472,Summerlin S'more (Double),870,47.0,27.0,1.5,245,340,108,0,91,15
473,Takes the CupCAKE,540,30.0,16.0,1.0,130,330,61,0,53,9
474,Takes the CupCAKE (Double),1070,61.0,32.0,2.0,260,650,122,0,105,18
475,"The ""U"" Malt",500,28.0,17.0,0.5,130,200,580,0,50,9
476,"The ""U"" Malt (Double)",990,56.0,34.0,1.5,265,410,116,0,101,18
477,The Breakfast Club,410,20.0,12.0,0.0,120,380,50,0,43,8
478,The Breakfast Club (Double),820,40.0,23.0,0.0,245,750,99,1,86,16
479,The Concrete Jungle - Buckhead,460,25.0,13.0,0.0,115,230,52,0,45,9
480,The Concrete Jungle (Double) - Buckhead,910,50.0,26.0,0.0,230,470,103,1,90,18
481,The Concrete Jungle - MSP,450,25.0,13.0,0.0,115,240,48,0,43,9
482,The Concrete Jungle (Double) - MSP,910,51.0,27.0,0.0,235,480,97,1,86,17
483,The Empire Shacks Back,430,23.0,12.0,0.0,120,370,49,0,42,8
484,The Empire Shacks Back (Double),840,45.0,24.0,0.0,235,700,96,0,82,16
485,The Great Escape,380,19.0,11.0,0.0,115,240,45,0,40,8
486,The Great Escape (Double),760,38.0,21.0,0.0,225,480,90,0,81,16
487,The Great White Way,370,16.0,10.0,0.0,110,260,50,0,43,8
488,The Great White Way (Double),750,33.0,20.0,0.0,225,520,99,0,85,16
489,Tinseltown Toffee,540,33.0,21.0,1.0,140,340,58,0,51,8
490,Tinseltown Toffee (Double),1080,66.0,41.0,1.5,280,680,116,0,101,15
491,Toffee Takeoff,520,27.0,17.0,0.0,140,480,61,0,57,8
492,Toffee Takeoff (Double),1030,55.0,34.0,0.5,280,960,122,0,115,16
493,Township Toffee,530,30.0,18.0,0.5,145,450,62,0,57,7
494,Township Toffee (Double),1070,59.0,37.0,1.5,290,900,124,0,114,15
495,Uchi-Koncrete,490,24.0,14.0,0.0,135,390,60,0,33,9
496,Uchi-Koncrete (Double),980,48.0,28.0,0.0,265,780,120,0,66,19
497,Valley Forge Freeze,490,29.0,18.0,1.0,140,730,56,0,50,7
498,Valley Forge Freeze (Double),980,58.0,35.0,1.5,280,1470,111,0,100,14
499,Vice Crispy Treat,370,16.0,10.0,0.0,110,260,50,0,43,8
500,Vice Crispy Treat (Double),750,33.0,20.0,0.0,225,520,99,0,85,18
501,Vietnamese Coffee and Donuts,470,23.0,13.0,0.0,115,330,56,0,46,9
502,Vietnamese Coffee and Donuts (Double),930,47.0,26.0,0.0,230,660,112,0,93,18
503,Washington Monu-Mint,430,24.0,14.0,0.5,125,150,53,0,46,7
504,Washington Monu-Mint (Double),860,48.0,29.0,1.5,250,300,105,0,92,15
505,West U-Nicorn,430,21.0,12.0,0.0,120,380,52,0,47,8
506,West U-Nicorn (Double),850,42.0,24.0,0.0,240,750,104,0,95,16
507,West Slide,480,24.0,11.0,0.0,145,310,60,0,53,9
508,West Slide (Double),970,48.0,22.0,0.0,285,620,120,1,106,17
509,Westberry,440,18.0,10.0,0.0,110,330,62,0,45,9
510,Westberry (Double),880,35.0,20.0,0.0,225,650,124,1,90,18
511,Whoopie Pie Oh My,480,25.0,13.0,0.0,130,330,57,0,51,9
512,Whoopie Pie Oh My (Double),960,50.0,26.0,0.0,255,650,115,0,103,17
513,Wicked Crunchie,470,20.0,11.0,0.0,120,460,66,0,49,9
514,Wicked Crunchie (Double),950,39.0,23.0,0.0,240,920,132,0,98,19
515,Winter's Wonderland,370,16.0,10.0,0.0,110,260,50,0,43,8
516,Winter's Wonderland (Double),750,33.0,20.0,0.0,225,520,99,0,85,16
517,Wolverine Dream,490,20.0,10.0,0.0,110,310,67,1,51,9
518,Wolverine Dream (Double),970,41.0,20.0,0.0,225,620,134,2,101,19
519,World's Fare,370,16.0,10.0,0.0,110,260,50,0,43,8
520,Almonds,80,7.0,0.5,0.0,0,0,3,2,1,3
521,Almond Sable (Ir's Delicious Desserts),80,4.5,1.5,0.0,0,50,8,0,3,1
522,Amarena Cherries,40,0.0,0.0,0.0,0,0,9,0,8,0
523,Apple Fritter (Randy's Donuts),45,3.0,1.0,0.0,0,45,5,0,1,1
524,Banana Bread,50,3.0,0.0,0.0,5,30,6,0,3,1
525,Banana Bread Donut (Glazed and Confused),35,1.0,0.0,0.0,0,45,6,0,2,1
526,Bananas,10,0.0,0.0,0.0,0,0,3,0,2,0
527,Bananas Foster Cupcake (Sugar Ray's Bakery),150,6.0,2.0,0.0,20,150,23,0,16,1
528,Bee Sting Bar (Baked & Wired),70,3.5,1.5,0.0,5,40,9,0,4,1
529,Belgian Waffle,45,2.0,0.0,0.0,5,50,6,0,2,1
530,Black Magic Brownie (Zingerman's),60,2.5,0.5,0.0,0,40,9,0,5,1
531,Brownie (Mark's Bake Shoppe),70,4.0,1.0,0.0,10,50,7,0,5,1
532,Brownie (Rocket Baby Bakery),60,2.5,0.5,0.0,5,40,9,0,5,1
533,Brownie (Mindy's Hot Chocolate),60,3.0,1.5,0.0,15,20,8,0,6,1
534,Brownie (Baked & Wired),50,2.0,0.0,0.0,10,35,8,0,6,1
535,Cacao Nibs,90,7.0,4.0,0.0,0,10,4,4,0,2
536,Café Sua Da Marshmallow Sauce (Greenway),40,0.0,0.0,0.0,0,0,10,0,8,0
537,Cannoli Shell (Termini Bros.),50,2.5,1.0,0.0,5,0,7,0,2,1
538,Cannoli Shell (High Street on Hudson),50,3.0,1.0,0.0,10,0,8,0,3,1
539,Carrot Cake (UB Preserv),100,5.0,0.0,0.0,20,45,12,1,5,1
540,Chocolate Cake Donut (Du's Donuts),60,3.0,0.5,0.0,10,30,8,0,4,1
541,Chocolate Chip Cookie (Baked NYC),70,4.0,2.0,0.0,10,8,8,0,5,1
542,Chocolate Chip Cookie (Baked and Wired),60,3.0,2.0,0.0,5,45,8,0,5,1
543,Chocolate Chip Cookie (Winslow's Bakery),70,4.0,2.0,0.0,5,65,9,0,6,1
544,Chocolate Chip Seasalt Cookie (Mindy's Hot Chocolate),60,3.0,2.0,0.0,10,70,9,0,6,1
545,Chocolate Cloud Cookie (Baked),70,3.5,2.0,0.0,10,30,9,0,9,1
546,Chocolate Covered Pretzels,70,2.5,1.0,0.0,0,70,10,0,5,1
547,Chocolate Crunch Cupcake (Cupcakery),50,3.0,1.0,0.0,5,50,7,0,6,0
548,Chocolate Crunchies (Valrhona),70,4.5,3.0,0.0,0,0,6,0,6,1
549,Chocolate Fudge Brownie (Milk & Cookies),60,3.0,2.0,0.0,15,20,8,0,6,1
550,Chocolate Sprinkles,60,3.0,2.0,0.0,0,5,9,0,7,1
551,Chocolate Toffee,80,4.5,3.0,0.0,10,70,9,0,8,0
552,Chocolate Truffle Cookie Dough,50,3.0,2.0,0.0,5,15,7,1,5,1
553,Cinnamon Fudge Sauce,50,3.5,2.0,0.0,5,20,4,0,3,1
554,Cinnamon Marshmallow Sauce,40,0.0,0.0,0.0,0,25,10,0,9,0
555,Cinnamon Sugar,50,0.0,0.0,0.0,0,0,13,2,10,0
556,Citrus Marinated Raspberries,15,0.0,0.0,0.0,0,0,4,1,3,0
557,Cocoa Powder,20,1.0,1.0,0.0,0,35,1,1,1,1
558,Coffee Beans,0,0.0,0.0,0.0,0,0,0,0,0,0
559,Coffee Marshmallow Sauce,40,0.0,0.0,0.0,0,0,10,0,8,0
560,Condensed Milk,45,1.0,1.0,0.0,5,20,8,0,8,1
561,Cookie Butter,80,6.0,1.0,0.0,0,25,8,0,5,1
562,COP Donut (Morningstar),60,4.0,2.0,0.0,5,55,6,0,2,1
563,Couch Potato Cookie Dough (Fluff Bake Bar),140,8.0,4.0,0.0,20,95,16,0,15,2
564,Crispy Crunchies,50,0.0,0.0,0.0,0,130,12,0,1,1
565,Dark Chocolate Chunks (Askinosie Chocolate),80,5.0,3.5,0.0,0,0,7,3,4,1
566,Dark Chocolate Chunks (Dandelion),70,5.0,3.0,0.0,0,0,7,0,4,1
567,Dark Chocolate Chunks (Mast Brothers),80,6.0,4.0,0.0,0,5,7,2,4,1
568,Dark Chocolate Chunks (Taza),80,4.5,3.5,0.0,0,0,7,1,4,1
569,Dark Chocolate Chunks (Theo's),80,6.0,4.0,0.0,0,5,7,2,4,1
570,Dark Chocolate Chunks (Zak's),70,5.0,3.0,0.0,0,0,7,0,4,1
571,Dark Chocolate Cookie (Warm Belly),70,4.0,3.0,0.0,15,30,8,0,6,1
572,Devil's Food Cake (Fluff Bake Bar),45,2.0,0.0,0.0,10,70,7,0,4,1
573,Devil's Food Cake (It's Delicious Desserts),90,3.5,1.0,0.0,20,140,13,0,8,1
574,Donut (Doughnut Plant),60,3.0,1.0,0.0,0,50,6,1,4,1
575,Double Chocolate Chip Cookie (BIRD Bakery),60,3.5,1.5,0.0,0,30,9,0,5,1
576,"Double Concrete, Chocolate",680,42.0,25.0,1.5,240,260,70,3,64,13
577,"Double Concrete, Vanilla",610,33.0,20.0,0.0,225,380,67,3,66,15
578,"Double Concrete, Vanilla and Chocolate",650,37.0,22.0,0.5,235,320,69,2,65,14
579,Dulce De Leche Brownie (Zingerman's),60,3.5,0.5,0.5,10,75,7,0,5,1
580,French Toast Donut (Federal Donuts),60,3.5,1.5,0.0,0,75,7,1,3,1
581,Frosted Butter Cake (Make My Cake),50,2.5,0.0,0.0,10,40,8,0,6,0
582,Fudge Sauce,50,3.5,2.0,0.0,5,20,4,0,3,1
583,Glazed Donut (North Lime Donuts),60,3.0,1.0,0.0,0,50,6,1,5,1
584,Graham Crackers,60,2.0,0.0,0.0,0,55,10,0,3,1
585,Graham Crackers (Pollystyle),50,2.0,1.0,0.0,5,50,8,0,4,1
586,Ginger Chocolate Chip Cookie Dough (Sono Baking Company),60,3.0,1.0,0.0,10,45,9,0,5,1
587,Gooey Butter Cake (Park Ave. Coffee),50,2.5,1.0,0.0,15,30,8,1,6,1
588,Hazelnut Brown Butter Streusel (Milk and Cookies),70,5.0,2.0,0.0,6,25,9,0,4,1
589,Kitchen Sink Cookie (Mindy's Hot Chocolate),60,3.0,1.5,0.0,5,45,8,0,5,1
590,Lemon Curd,45,1.5,1.0,0.0,20,0,8,0,5,0
591,Lemon Ricotta,40,1.5,1.0,0.0,5,10,5,0,5,1
592,Macaron Shells (Bakery Lorraine),60,2.5,3.0,0.0,0,10,8,0,6,1
593,Malt Caramel (Bon Bon Bon),70,4.5,2.5,0.0,5,10,6,0,5,1
594,Malted Marshmallow Sauce,35,0.0,0.0,0.0,0,15,9,0,8,0
595,Maple Bacon Donut (Astro Donuts),50,2.5,1.0,0.0,15,100,4,0,1,2
596,Marshmallow Sauce,40,0.0,0.0,0.0,0,0,10,0,9,0
597,Matcha Green Tea Powder,40,0.0,0.0,0.0,0,0,0,0,0,14
598,Minted Marshmallow Sauce,40,0.0,0.0,0.0,0,0,10,0,9,0
599,Mint White Chocolate Ganache (Chocopologie),70,4.0,3.0,0.0,5,10,9,0,9,1
600,Miso Huckleberry Hazelnut Blondie (Uchi),60,3.0,1.5,0.0,10,10,8,0,6,1
601,Nutella Pretzel Cookie (Mark's Bake Shoppe),80,4.5,1.0,0.0,10,40,9,0,3,1
602,Old Fashioned Doughnut (Doughnut Plant),60,3.5,1.5,0.0,5,55,7,0,3,1
603,Old Fashioned Buttermilk Vanilla Donut (Kettle Glazed),50,2.0,1.0,0.0,5,50,7,0,4,1
604,Old Fashioned Donut (Do Rite),70,4.5,2.0,0.0,0,70,7,0,3,1
605,Pecan Shortbread (Scratch Baking),80,4.5,1.5,0.0,0,50,8,0,3,1
606,Pecan Sticky Bun (Balthazar),50,3.0,2.0,0.0,10,30,6,0,3,1
607,Pecans,100,10.0,1.0,0.0,0,0,2,1,1,1
608,Pistachios,80,6.0,1.0,0.0,0,0,4,1,1,3
609,Potato Chips (Route 11),80,4.5,0.0,0.0,0,55,8,0,0,1
610,Rainbow Sprinkles,70,3.0,1.0,1.5,0,0,11,0,7,0
611,Red Velvet Cake (South End Buttery),50,2.5,0.0,0.0,10,55,6,0,4,1
612,Red Velvet Cake (The Cupcakery),50,2.5,1.0,0.0,5,60,6,0,4,1
613,Salted Caramel Chocolate Brownie (Larder Baking Company),60,3.5,0.5,0.5,10,75,7,0,5,1
614,Salted Caramel Sauce,45,2.0,1.5,0.0,5,135,7,0,7,0
615,Salted Crunch Dark Chocolate Brownie (Southport Grocery & Caf,130,7.0,1.5,1.0,20,150,15,0,10,1
616,Seasonal Pie,45,2.5,1.0,0.0,5,35,5,0,3,0
617,Shortbread Cookie,70,3.5,2.0,0.0,10,55,9,0,3,1
618,Shortbread (Pollystyle),70,3.5,1.0,0.0,0,50,9,0,3,1
619,"Single Concrete, Chocolate",340,21.0,12.0,0.5,120,130,35,2,32,6
620,"Single Concrete, Vanilla",310,16.0,10.0,0.0,110,190,33,0,33,7
621,"Single Concrete, Vanilla and Chocolate",320,19.0,11.0,0.0,115,160,34,1,32,7
622,Snickerdoodle (Lady Lexis),120,5.0,2.0,0.0,20,90,17,0,9,1
623,Strawberry Cupcake (Sugar Ray's),45,2.0,0.5,0.0,5,45,6,0,4,0
624,Strawberry Jam,35,0.0,0.0,0.0,0,0,9,0,8,0
625,Strawberry Purée,10,0.0,0.0,0.0,0,0,3,0,2,0
626,Strawberry & Rose Geranium Jam (Sqirl),25,0.0,0.0,0.0,0,0,6,0,5,0
627,Toffee Shortbread (Pollystyle),70,4.0,2.0,0.0,0,45,8,0,3,1
628,Triple Chocolate Sea Salt Cookie (Luna Baking Company),60,3.0,2.0,0.0,5,90,8,0,6,1
629,Unicorn Bait Cookie Dough (Fluff Bake Bar),60,2.5,1.0,0.0,0,55,9,0,4,1
630,Vanilla Glazed Donut (Astro Donuts),60,3.5,1.5,0.0,5,55,7,0,3,1
631,Walnut Sable Cookie (Balthazar),70,3.5,1.5,0.0,5,65,8,0,4,1
632,Walnuts,90,9.0,1.0,0.0,0,0,2,1,0,2
633,White Peach Puree,10,0.0,0.0,0.0,0,0,3,0,3,0
634,Whole Wheat Chocolate Chip Walnut Cookie (Manresa),70,4.0,2.0,0.0,10,50,8,1,6,1
635,Shack-made Lemonade Small,160,0.0,0.0,0.0,0,10,43,0,40,0
636,Shack-made Lemonade Large,270,0.0,0.0,0.0,0,15,70,0,66,0
637,Fresh Brewed Iced Tea Small,5,0.0,0.0,0.0,0,10,1,0,0,0
638,Fresh Brewed Iced Tea Large,5,0.0,0.0,0.0,0,15,2,0,0,0
639,Fresh Brewed Sweetened Iced Tea Small,110,0.0,0.0,0.0,0,10,28,0,27,0
640,Fresh Brewed Sweetened Iced Tea Large,170,0.0,0.0,0.0,0,15,45,0,44,0
641,Fifty-Fifty Small,80,0.0,0.0,0.0,0,10,22,0,20,0
642,Fifty-Fifty Large,140,0.0,0.0,0.0,0,15,36,0,33,0
643,Coke Small,140,0.0,0.0,0.0,0,45,39,0,39,0
644,Coke Large,210,0.0,0.0,0.0,0,65,58,0,58,0
645,Diet Coke Small,0,0.0,0.0,0.0,0,40,0,0,0,0
646,Diet Coke Large,0,0.0,0.0,0.0,0,60,0,0,0,0
647,Coke Zero Small,0,0.0,0.0,0.0,0,40,0,0,0,0
648,Coke Zero Large,0,0.0,0.0,0.0,0,60,0,0,0,0
649,Sprite Small,140,0.0,0.0,0.0,0,30,36,0,32,0
650,Sprite Large,240,0.0,0.0,0.0,0,55,60,0,53,0
651,Fanta Orange Small,160,0.0,0.0,0.0,0,60,45,0,44,0
652,Fanta Orange Large,240,0.0,0.0,0.0,0,90,67,0,66,0
653,Fanta Grape Small,180,0.0,0.0,0.0,0,35,49,0,49,0
654,Fanta Grape Large,270,0.0,0.0,0.0,0,55,73,0,73,0
655,Dr. Pepper Small,150,0.0,0.0,0.0,0,60,40,0,38,0
656,Dr. Pepper Large,220,0.0,0.0,0.0,0,90,59,0,58,0
657,Diet Dr. Pepper Small*,0,0.0,0.0,0.0,0,60,0,0,0,0
658,Diet Dr. Pepper Large*,0,0.0,0.0,0.0,0,90,0,0,0,0
659,Crush Small*,160,0.0,0.0,0.0,0,70,43,0,43,0
660,Crush Large*,240,0.0,0.0,0.0,0,110,65,0,64,0
661,Diet Pepsi Small*,0,0.0,0.0,0.0,0,35,0,0,0,0
662,Diet Pepsi Large*,0,0.0,0.0,0.0,0,55,0,0,0,0
663,Mist TWST Small*,140,0.0,0.0,0.0,0,35,39,0,39,0
664,Mist TWST Large*,220,0.0,0.0,0.0,0,50,58,0,58,0
665,Mountain Dew Small*,170,0.0,0.0,0.0,0,65,46,0,46,0
666,Mountain Dew Large*,260,0.0,0.0,0.0,0,95,69,0,69,0
667,Diet Mountain Dew Small*,5,0.0,0.0,0.0,0,50,1,0,1,0
668,Diet Mountain Dew Large*,10,0.0,0.0,0.0,0,75,1,0,1,0
669,Pepsi Small*,150,0.0,0.0,0.0,0,35,41,0,41,0
670,Pepsi Large*,220,0.0,0.0,0.0,0,50,62,0,62,0
671,PepsiMAX Small*,0,0.0,0.0,0.0,0,40,0,0,0,0
672,PepsiMAX Large*,0,0.0,0.0,0.0,0,60,0,0,0,0
673,Abita Root Beer Bottle,180,0.0,0.0,0.0,0,16,44,0,38,0
674,Abita Root Beer Small,165,0.0,0.0,0.0,0,15,40,0,35,0
675,Abita Root Beer Large,265,0.0,0.0,0.0,0,24,66,0,57,0
676,Stumptown Cold Brew,5,0.0,0.0,0.0,0,5,0,0,0,0
677,Stumptown Cold Brew Nitro*,5,0.0,0.0,0.0,0,5,0,0,0,0
678,Stumptown Cold Brew Float*,280,15.0,9.0,0.0,100,180,30,0,30,7
679,Orange Juice,165,0.0,0.0,0.0,0,12,41,2,30,3
680,Honest Kids Apple Juice,40,0.0,0.0,0.0,0,0,10,0,9,0
681,SHACK2O,0,0.0,0.0,0.0,0,0,0,0,0,0
682,Brooklyn Brewery ShackMeister Ale (16oz. Draft),210,0.0,0.0,0.0,0,0,17,0,0,2
683,Brooklyn Brewery ShackMeister Ale (24oz. Draft),310,0.0,0.0,0.0,0,0,25,0,0,4
684,Brooklyn Brewery ShackMeister Ale (32oz. Draft),420,0.0,0.0,0.0,0,0,33,0,0,5
685,Brooklyn Brewery ShackMeister Ale (60oz. Draft),780,0.0,0.0,0.0,0,0,62,0,0,9
686,Beer Float,490,15.0,9.0,0.0,100,190,52,0,30,8
687,Shack White (6oz),140,0.0,0.0,0.0,0,0,4,0,0,0
688,Shack White Bottle (750 ml),600,0.0,0.0,0.0,0,0,15,0,0,1
689,Shack Red (6 oz),150,0.0,0.0,0.0,0,0,5,0,0,0
690,Shack Red Bottle (750 ml),620,0.0,0.0,0.0,0,0,19,0,0,1
691,Prosecco (375 ml),310,0.0,0.0,0.0,0,20,10,0,4,0
692,Scarpetta (6oz),140,0.0,0.0,0.0,0,10,4,0,2,0
693,Gotham Red Can,210,0.0,0.0,0.0,0,10,6,0,0,0
694,Gotham White Can,200,0.0,0.0,0.0,0,10,5,0,0,0
695,Gotham Rosé Can,210,0.0,0.0,0.0,0,10,9,0,0,1
